"id","title","content_body","pictures","categories","price"
"0","Consequat aute ex reprehenderit nisi tempor sunt.","Cupidatat pariatur eiusmod ipsum irure consequat sint veniam. Pariatur aliquip ex proident velit mollit magna proident est ea quis do commodo proident ex. Commodo adipisicing do ullamco sunt cillum irure sint amet anim consectetur. Magna elit dolore sunt est proident. Exercitation nisi laboris ullamco do minim laboris in magna occaecat.
","http://placehold.it/32x32","sit,cillum","3842"
"1","Voluptate sit do ex cupidatat in ut.","Cupidatat nostrud et ut ea tempor et Lorem aliquip magna cillum. Magna anim sint amet commodo esse proident proident culpa et. Tempor non commodo tempor mollit do voluptate. Id cupidatat commodo excepteur esse commodo labore ex anim ad et. Sint dolore deserunt officia magna in consectetur Lorem nostrud dolore cupidatat cupidatat. Consequat dolor ullamco occaecat proident Lorem. Aliquip culpa consectetur non officia eiusmod mollit ullamco adipisicing magna deserunt.
","http://placehold.it/32x32","minim,ea","3500"
"2","Exercitation culpa enim incididunt aliquip irure cillum pariatur do nisi elit et duis.","Ullamco velit nisi elit adipisicing sint aliqua aute duis proident. Ipsum fugiat non consectetur cupidatat sint elit esse commodo laborum. Eiusmod cillum sit reprehenderit cupidatat sint. Eiusmod ea incididunt sit cillum quis ipsum. Esse minim eu aliquip non. Esse pariatur cupidatat sit reprehenderit culpa irure sunt esse qui ea nulla. Veniam amet amet labore exercitation.
","http://placehold.it/32x32","consectetur,est","2453"
"3","Sunt Lorem ut non amet id sit.","Labore mollit incididunt fugiat tempor. Ullamco dolore sint elit sit et sint. Ut esse ad elit aliqua velit quis minim fugiat. Ullamco pariatur ut nulla minim consequat.
","http://placehold.it/32x32","in,ullamco","1269"
"4","Velit elit magna laboris consectetur veniam excepteur minim fugiat elit non commodo excepteur.","Ut ullamco officia tempor laboris ipsum laborum adipisicing aliquip ad aliquip. Eiusmod non laboris Lorem nostrud Lorem officia esse reprehenderit. Exercitation ea proident in ex qui commodo dolor cupidatat magna nisi et adipisicing.
","http://placehold.it/32x32","cupidatat,commodo","3351"
"5","Occaecat fugiat aliquip laborum elit exercitation aute velit sint dolor nulla nisi sint veniam nisi.","Nisi mollit occaecat cillum tempor duis do dolore duis id nostrud velit. Lorem non ut excepteur commodo. Consectetur duis aliquip eu ad reprehenderit Lorem ut enim tempor. Non mollit exercitation exercitation non ea cillum incididunt nisi. Ex ullamco anim aute velit et ex exercitation proident sit elit deserunt.
","http://placehold.it/32x32","proident,commodo","1783"
